id,set,theme,title,image_description,size_pinned,fits_spec,cutting,solutions,a4_yield,cost,selling_level,selling,notes
P01,House Number & Street Name,Classic/ornate border,"Fluted-border classic plaque (Etsy, 'hardwork' shop)","Marketing image on a grey background (not a real bin photo): a white double-line scalloped border rectangle with '210' in large serif numerals and 'MANTON DRIVE' beneath, plus 'Approx 190 x 140mm' and 'Set of 4 White' badges overlaid.",190 × 140mm (stated on listing),No,Doable now,"WC, CV","4 at our 100×140mm size, adapted version","~£0.14–0.47/sticker, same as your existing 10 designs, once adapted to a printable colour",Medium-High,Medium-High — the fluted border is a genuine style differentiator vs. the plain single/double line every design in your set uses,"UPDATED per the P44 insight: the only reason this was marked 'needs Cricut' was single-colour direct-on-bin — a cut-vinyl limitation (weeding), not a printing one. Printed as ink on your standard rectangle card and guillotine-trimmed, fine detail and colour cost nothing extra. Reclassified to doable now. Shape is now doable now (rectangle cut, printed border art — no Cricut needed). Colour is the remaining blocker: the original is white ink on the bin's own colour, and your Epson has no white ink — no consumer inkjet does. Printing it on clear vinyl doesn't work either: 'white' just becomes 'no ink', i.e. transparent, so it disappears rather than showing white. Fix: redesign in a printable dark colour (matches your existing palette), or file as a genuine Tier 3 future item — true white-on-clear is a standard UV DTF printer feature (eufyMake E1, already in your Growth Plan)."
P02,House Number & Street Name,House + floral,House silhouette + flowers + banner ribbon,"Grey bin with a white cut-vinyl house silhouette containing '36', flanked by two small flower stems either side, with a curved ribbon banner below reading 'GROVE STREET'.",Not stated — estimated ~140×100mm from proportions on bin photo,No,Doable now,"WC, CV",N/A as pinned. 4 at our spec if reinterpreted as a printed design,"As pinned: new adhesive-vinyl material line, not in current cost sheet. Printed version: ~£0.14–0.47/sticker, same as current designs",High,"High — combines two of your already-validated popular categories (house silhouette + floral) into one motif, more elaborate than either of your current single-theme designs (#3, #5)","UPDATED per the P44 insight: the only reason this was marked 'needs Cricut' was direct-on-bin silhouette — a cut-vinyl limitation (weeding), not a printing one. Printed as ink on your standard rectangle card and guillotine-trimmed, fine detail and colour cost nothing extra. Reclassified to doable now. Future product as pinned (landscape silhouette shape, not your portrait rectangle; needs Cricut). Doable now: this is a strong candidate to reinterpret as a printed design — combine your existing house_icon and flower_icon into one composite icon inside the current bordered layout, no new cutting equipment required."
P03,House Number & Street Name,Pet,Cat peeking over the edge,"Two bins (green and dark grey) side by side, each with a peeking cat silhouette (black on green, white on grey) and 'Roger Lane / 16' / 'Millie Street / 16' text beneath.",Not stated — estimated ~120×100mm from bin proportions,No,Doable now,"WC, CV",N/A as pinned. 4 at our spec if reinterpreted as a printed design,As pinned: new adhesive-vinyl line. Printed version: ~£0.14–0.47/sticker,High,"High — this is very close to the specific bestselling Etsy cat-silhouette listing flagged in the earlier research; pet-themed bin stickers are a proven category, not a guess","UPDATED per the P44 insight: the only reason this was marked 'needs Cricut' was fine fur/facial detail — a cut-vinyl limitation (weeding), not a printing one. Printed as ink on your standard rectangle card and guillotine-trimmed, fine detail and colour cost nothing extra. Reclassified to doable now. Future product as pinned (needs Cricut for the fine facial detail). BUT: this is printed in solid black on a green bin with no background — exactly the 'print on clear vinyl, guillotine-trim to a rectangle' technique you proposed for P01, and it actually works here because black is a real printable colour (unlike P01's white). Genuinely doable now as a black-ink-on-clear-vinyl rectangle, once simplified enough for guillotine/corner-punch edges rather than a full contour cut of the cat's outline."
P04,House Number & Street Name,Classic/ornate border,Ornate oval crest with bell/leaf accents,"Green bin with a white cut-vinyl oval crest, double-line border, small bell/leaf accents either side, reading 'DENZIL' above '296' above 'ROAD'.",Not stated — estimated ~150×110mm oval,No,Doable now,"WC, CV",N/A as pinned. 4 at our spec if reinterpreted as a printed design,As pinned: new adhesive-vinyl line. Printed version: ~£0.14–0.47/sticker,Medium,"Medium — a distinctive crest shape, but closer to a variation on your existing Classic design (#1) than a genuinely new category","UPDATED per the P44 insight: the only reason this was marked 'needs Cricut' was direct-on-bin oval crest — a cut-vinyl limitation (weeding), not a printing one. Printed as ink on your standard rectangle card and guillotine-trimmed, fine detail and colour cost nothing extra. Reclassified to doable now. Future product as pinned (oval, not rectangle; needs Cricut). Lowest priority of this batch to adapt — the closest of the four to something you already have covered."
P05,House Number & Street Name,House + floral,Realistic daisy + number + road name,"Green bin in a garden setting, with a realistic full-colour white daisy graphic and '123' / 'Custom Road' in white text beneath it, no border.",364mm high (stated),No,Doable now,"WC, CV","N/A as pinned (way past our 140mm height, irregular shape). 4 at our spec if reinterpreted","As pinned: new material/contour-cut line. Adapted: ~£0.14–0.47/sticker like your other designs, but a realistic full-colour flower uses more ink than your current flat-vector floral icon (#3) — worth a small per-unit bump once you test print",High,"High — realistic, photo-style flowers tend to outperform flat vector ones on Etsy for this kind of personalised gift-feel product","UPDATED per the P44 insight: the only reason this was marked 'needs Cricut' was irregular contour + fine floral detail — a cut-vinyl limitation (weeding), not a printing one. Printed as ink on your standard rectangle card and guillotine-trimmed, fine detail and colour cost nothing extra. Reclassified to doable now. Future product as pinned (364mm is 2.6x your sticker height; irregular contour needs Cricut). Doable now: swap your current flat-vector flower icon (#3) for a realistic full-colour daisy graphic (photo or AI-generated) printed inside your existing bordered rectangle — same production method, just richer artwork."
P06,House Number & Street Name,Classic/ornate border,"Floral wreath border, shown at 3 size options ('Size Guide')","'Size Guide' marketing image: three black bins side by side, each showing the same white circular floral wreath design containing '64 / Oakley Close', labelled 15cm/20cm/30cm wide.",15cm / 20cm / 30cm wide (3 explicit size tiers shown),No,Doable now,"WC, CV","N/A as pinned — circular, larger than our rectangle, not a like-for-like comparison","As pinned: new vinyl material line, and this specific wreath detail is genuinely hard to weed cleanly even with a Cricut — expect longer production time per unit than your flat designs",High,High — directly validates the 'decorative border as premium differentiator' item already in your Growth Plan,"UPDATED per the P44 insight: the only reason this was marked 'needs Cricut' was fine wreath detail — a cut-vinyl limitation (weeding), not a printing one. Printed as ink on your standard rectangle card and guillotine-trimmed, fine detail and colour cost nothing extra. Reclassified to doable now. This one is as much a market-research data point as a design: it confirms multiple size tiers (here 15/20/30cm) is a normal competitor pattern — matches what Competitor Research already found. Treat as future/needs-Cricut for the wreath shape itself; your closest existing relative is #9 Four-corner flourish, a simpler vector stand-in for the same idea."
P07,House Number & Street Name,Out of scope — not a sticker,"Solar-illuminated house sign, Golden Retriever design","Product photo of a black wall-mounted solar light fixture with an integrated plaque showing a full-colour Golden Retriever illustration, '98', and 'GOLDEN CLOSE' in white text.",240 × 145mm (stated),No,Needs Cricut,NA,N/A — not a printed/cut product,"N/A — this would be a sourced/resold hardware item, not something made with your printer, laminator, or cutting tools",N/A,"N/A for your current business — different product category entirely (electronics/hardware, not stationery/vinyl)","Flagging clearly: this is a solar house-number light, not a bin sticker — out of scope for your equipment and current business model, not just 'needs Cricut'. The one transferable idea: a realistic pet-breed portrait (rather than a flat icon) paired with number + street name on a dark background is a strong style reference for a future, more detailed version of your paw-print design (#10)."
P08,House Number & Street Name,Minimal,"Borderless minimal text, shown across a 3-bin (general/recycling/food) set","Three bins with different coloured lids (green/yellow/red), each showing '37 MARINE DRIVE' in small thin white sans-serif text, no border, no icon.","Not stated — text appears small relative to bin, estimated ~20–30mm cap height",No,Doable now,"WC, CV",N/A as pinned,As pinned: new vinyl material line,Medium,Medium for the visual style alone — it's a smaller niche already covered conceptually by your Minimal design (#2). High for the underlying idea it demonstrates (see notes),"UPDATED per the P44 insight: the only reason this was marked 'needs Cricut' was direct-on-bin, no border — a cut-vinyl limitation (weeding), not a printing one. Printed as ink on your standard rectangle card and guillotine-trimmed, fine detail and colour cost nothing extra. Reclassified to doable now. Two separate ideas bundled in this pin: (1) the borderless text-only look would mean breaking the 'every sticker gets a border' rule you set earlier — treat as a deliberate one-off exception if you want it, not a new default. (2) The real value here is the 3-lid-colour set (general/recycling/food) — this is direct market validation for the bin_type field already built into design #4 (Recycling-icon informational). I'd prioritise building a matching 3-sticker bundle around #4 over recreating this exact borderless look."
P09a,House Number & Street Name,Minimal,"'64 Oakley Close', number + underline + street, no border (white/gold colourway)","Dark green and grey bins side by side, white text '64 / Oakley Close' with a thin underline, no border, shown in white and gold colour variants.",Not stated — estimated ~150×110mm from proportions,No,Doable now,"WC, CV",N/A as pinned. 4 at our spec once a border is added — this is essentially your Minimal design (#2),As pinned: new vinyl line. As printed with border added: same ~£0.14–0.47/sticker as #2 already,High,High — see note: this exact layout keeps reappearing across sellers,"UPDATED per the P44 insight: the only reason this was marked 'needs Cricut' was direct-on-bin, no border — a cut-vinyl limitation (weeding), not a printing one. Printed as ink on your standard rectangle card and guillotine-trimmed, fine detail and colour cost nothing extra. Reclassified to doable now. Duplicate design to P09b, different bin colours — grouped under one ID. This composition (number, underline, street name, no border) has now shown up 3 times across your uploads (P08, P09a, P09b) — strong signal this specific layout is a common bestseller pattern, not one seller's quirk. It's already covered by your Minimal design (#2), which is the same thing plus a border. Worth considering an intentional borderless variant of #2 given how often this exact format appears, and the gold accent option here reinforces that colour choice (not just white/black) is a real market expectation."
P09b,House Number & Street Name,Minimal,"'64 Oakley Close', number + underline + street, no border (black/orange colourway)","Black and orange/brown bins, the same '64 / Oakley Close' text-plus-underline design in white, no border.",Not stated — estimated ~150×110mm from proportions,No,Doable now,"WC, CV",N/A as pinned. 4 at our spec once a border is added,Same as P09a,High,High — see P09a,"UPDATED per the P44 insight: the only reason this was marked 'needs Cricut' was direct-on-bin, no border — a cut-vinyl limitation (weeding), not a printing one. Printed as ink on your standard rectangle card and guillotine-trimmed, fine detail and colour cost nothing extra. Reclassified to doable now. Same design as P09a, different bin-colour photos — see P09a for full analysis. Kept as a separate sub-ID rather than discarded, since seeing it applied across 4 different bin colours (green, grey, black, orange) is itself useful evidence that this design reads well regardless of bin colour, unlike white-only designs which could disappear on a light-coloured bin."
P10,House Number & Street Name,House + floral,"Number nested inside a house-outline frame, vs. a tight square-outline variant","Marketing image: dark green bin showing a white house-shaped outline icon containing '12 / Custom' and a separate square outline containing '34 / CUSTOM STREET', captioned 'Customize numbers and street names'.",Not stated,No,Doable now,"WC, CV",N/A as pinned. 4 at our spec if reinterpreted,"As pinned: new vinyl line. Adapted: ~£0.14–0.47/sticker, same as your current set — a thin outline uses very little extra ink",Medium-High,Medium-High — the house-outline-as-frame composition is distinctive and different from anything in your current 10,"UPDATED per the P44 insight: the only reason this was marked 'needs Cricut' was outline shape as a cut frame — a cut-vinyl limitation (weeding), not a printing one. Printed as ink on your standard rectangle card and guillotine-trimmed, fine detail and colour cost nothing extra. Reclassified to doable now. One of the strongest 'doable now' ideas in this batch: print the house-outline shape as a decorative FRAME around the number/street (instead of your usual plain rectangle border), then guillotine-trim to a rectangle as normal. You're not cutting along the house shape at all, just printing it as ink — no Cricut needed. Different composition from your existing #5 (icon sits separately above the number); here the icon outline IS the border."
P11,House Number & Street Name,Minimal,"'63 dundee close', rounded modern number + handwritten script street name","Grey bin, white '63' in a rounded modern number style above a thin underline, with 'dundee close' in a cursive script font beneath.",Not stated — estimated ~140×100mm,No,Doable now,"WC, CV",N/A as pinned. 4 at our spec once a border is added,"As pinned: new vinyl line. Adapted: ~£0.14–0.47/sticker, same as your current set",Medium-High,"Medium-High — a font pairing none of your current 10 designs use (they're all serif+serif or sans+sans, not rounded-modern + script)","UPDATED per the P44 insight: the only reason this was marked 'needs Cricut' was direct-on-bin script text — a cut-vinyl limitation (weeding), not a printing one. Printed as ink on your standard rectangle card and guillotine-trimmed, fine detail and colour cost nothing extra. Reclassified to doable now. Genuinely new and fully doable now once a border is added: this is the cleanest 'take the idea, skip the equipment problem' case in the whole board. As cut vinyl, thin script strokes are a real weeding headache (flagged in the earlier vinyl-cutting research) — but since you print rather than cut, that limitation doesn't apply to you at all. Worth building as an 11th style, e.g. 'Modern Script'."
P09c,House Number & Street Name,Minimal,"'254 Adams Drive', number + underline + street, no border (Noodle Poodles shop)","Black bin, Amazon-style product photo: white cut-vinyl '254 / ADAMS DRIVE' with a thin underline, 'Stylish Wheelie Bin Stickers' badge, 'Noodle Poodles' watermark.",Not stated,No,Doable now,"WC, CV",N/A as pinned. 4 at our spec once a border is added — already = Minimal (#2),Same as P09a,High,High,"UPDATED per the P44 insight: the only reason this was marked 'needs Cricut' was direct-on-bin, no border — a cut-vinyl limitation (weeding), not a printing one. Printed as ink on your standard rectangle card and guillotine-trimmed, fine detail and colour cost nothing extra. Reclassified to doable now. Third sighting of this exact layout, now from a third different seller. Combined with P08 and P09a/b, this format has appeared 5 times across 4 sellers in just 32 pins — this is not a niche style choice, it's close to the default expectation in this market. Strongly reinforces prioritising a clean borderless option alongside your Minimal design (#2)."
P12,House Number & Street Name,Classic/ornate border,"'75 Darby Road' in a bordered rectangle with ornate corner scrollwork, sold as 'LARGE' size tier","Dark grey bin, white cut-vinyl rounded rectangle border with ornate scroll flourishes at the corners containing '75 / Darby Road', with 'X3', 'LARGE 200MM X 155MM', and '2 DAY EXPRESS DELIVERY' marketing badges.","200 × 155mm (stated, marketed as their 'LARGE' option)",No,Doable now,"WC, CV","N/A as pinned (vinyl cut, and larger than A4-quartering math would apply to anyway)",As pinned: new vinyl line. You already have this concept built and costed as design #9,High,"High — this is real-world market validation, not just a good guess","UPDATED per the P44 insight: the only reason this was marked 'needs Cricut' was fine scrollwork detail — a cut-vinyl limitation (weeding), not a printing one. Printed as ink on your standard rectangle card and guillotine-trimmed, fine detail and colour cost nothing extra. Reclassified to doable now. You already have this exact concept as design #9 (Four-corner flourish) — this pin confirms it's genuinely being sold as a premium/large-size product, with express-delivery marketing around it. Useful new data point: this seller's 'Large' tier is 200×155mm, roughly double your current sticker's area — worth keeping as a concrete benchmark if you ever add a bigger premium size option alongside your standard 100×140mm."
P09d,House Number & Street Name,Minimal,"'25 High Street', bold number + street, no underline, no border","Two identical green bins, bold black '25' above 'HIGH STREET' in caps, no underline, no border.",Not stated,No,Doable now,"WC, CV",N/A as pinned. 4 at our spec once a border is added,Same as P09a,High,High,"UPDATED per the P44 insight: the only reason this was marked 'needs Cricut' was direct-on-bin, no border — a cut-vinyl limitation (weeding), not a printing one. Printed as ink on your standard rectangle card and guillotine-trimmed, fine detail and colour cost nothing extra. Reclassified to doable now. Fourth sighting of the borderless number+street family (with or without the underline) — see P09c note. At this point I'd treat 'offer a borderless option' as a near-certain worthwhile addition rather than a maybe."
P13,House Number & Street Name,Pet,"Illustrated grumpy cat + number/street, on a white oval card","Black bin, full-colour illustrated orange tabby cat with an annoyed expression on the left of a white oval card, '127 / STONEY LANE' text on the right, separated by a thin vertical line.",Not stated — estimated ~130×90mm oval,No,Doable now,WC,N/A as an oval. 4 per A4 if rebuilt as a 100×140mm rectangle,"~£0.14–0.47/sticker, same as your current set — full-colour illustrated art uses somewhat more ink than a flat vector icon, similar to the P05 daisy consideration",High,"High — full-colour illustrated animal characters read as more premium/giftable than flat silhouettes, and pet themes are already validated by P03 and the earlier bestseller research","UPDATED per the P44 insight: the only reason this was marked 'needs Cricut' was oval card shape (swap for rectangle, no content lost) — a cut-vinyl limitation (weeding), not a printing one. Printed as ink on your standard rectangle card and guillotine-trimmed, fine detail and colour cost nothing extra. Reclassified to doable now. One of the best 'doable now' finds on the whole board. The ONLY thing blocking this is the oval shape — swap it for a rectangle (free, no new equipment) and this is fully producible with your existing print+laminate+guillotine workflow today, no Cricut required, because it's printed on an opaque background rather than cut direct-on-bin like most of this set. Effectively an upgrade path for your paw-print design (#10): a full illustrated animal portrait instead of a flat icon. I'd prioritise this over most of the Cricut-dependent ideas so far."
P14,House Number & Street Name,Pet/wildlife,Raccoon peeking over paws + number/street,"Green bin, black cut-vinyl silhouette of a raccoon peeking over its paws, with '7458 / SALLABERRY CT.' in caps beneath.",Not stated — estimated ~150×140mm,No,Doable now,"WC, CV",N/A as pinned. 4 at our spec if reinterpreted as a printed design,"As pinned: new vinyl line. Printed: ~£0.14–0.47/sticker, similar ink use to a detailed icon",High,"High — same 'peeking animal' composition as P03 (cat), different animal. On Etsy, animal variety within a proven format tends to multiply search hits rather than cannibalise them","UPDATED per the P44 insight: the only reason this was marked 'needs Cricut' was fine fur/facial detail — a cut-vinyl limitation (weeding), not a printing one. Printed as ink on your standard rectangle card and guillotine-trimmed, fine detail and colour cost nothing extra. Reclassified to doable now. Sibling to P03 — this suggests a whole 'peeking animal' sub-series (cat, raccoon, fox, dog...) could be a genuine product line, not a one-off. As pinned needs Cricut for the fur/facial detail; a simplified flatter version could be printed today, same approach as P03."
P15,House Number & Street Name,Classic/ornate border,"Three badge shapes: circle+wreath+butterfly, circle+heart-vine wreath, hexagon+bee","Three bins (black, blue, green), each with a different white cut-vinyl badge: a laurel wreath with a butterfly ('21 Shakespeare Close'), a heart-vine wreath ('46 Fishpond Lane'), and a hexagon with a bee icon ('5 Springfield Close').",Not stated,No,Needs Cricut,"WC, CV, CRICUT",N/A as pinned,As pinned: new vinyl line,High,High — the wreath variants reinforce the pattern already seen in P06 and validated by your own #9; the hexagon+bee is the most novel shape on the board so far,"Partial reclassification: the two wreath CIRCLES and the hexagon can be printed as flat graphics on your rectangle card (doable now) — but a die-cut circle/hexagon SHAPE specifically still needs the Cricut, since that's a real shape requirement, not just a detail/colour one. Three ideas in one pin. The wreaths need genuine Cricut precision (fine botanical detail). The hexagon is worth calling out separately: geometrically it's just straight edges, no fine internal detail — the easiest contour shape on this entire board to cut cleanly, whether by hand or machine. If you ever want a first non-rectangular product to test, the hexagon+simple-icon combo (could reuse your existing flat icon style, e.g. #4's recycle icon) is the lowest-risk starting point."
P16,House Number & Street Name,Recycling/bin-type,"'5915 Lakeshore COMPOST', bordered rounded-rect with leaf icon and bin-type label","Dark green bin, white cut-vinyl thin-outline rounded rectangle containing '5915' and 'Lakeshore', plus a small leaf icon and 'COMPOST' label.",Not stated,No,Doable now,"WC, CV",N/A as pinned. Already = 4 per A4 via your existing design #4,As pinned: new vinyl line. Already costed via #4 if adapted,High,High — direct real-world validation of the bin_type field already built into design #4,"UPDATED per the P44 insight: the only reason this was marked 'needs Cricut' was thin outline cut into vinyl — a cut-vinyl limitation (weeding), not a printing one. Printed as ink on your standard rectangle card and guillotine-trimmed, fine detail and colour cost nothing extra. Reclassified to doable now. This is essentially your own design #4, just showing a compost/food-waste variant instead of recycling. Combined with P08's 3-lid-colour set, this is now 2 separate pins independently pointing at the same conclusion: a general/recycling/compost bundle around #4 is a validated idea, not a guess. Doable now, literally no new design work: add 'COMPOST' as another bin_type value alongside 'RECYCLING' in the script."
P17,House Number & Street Name,Minimal,'36 Central Avenue' stacked inside a plain thin circle outline,"Two bins (green, black/grey), white/black text '36 / Central Avenue' stacked inside a plain thin circle outline.",Not stated,No,Doable now,"WC, CV",N/A as a true circular die-cut. 4 per A4 if built as a printed circle motif on a rectangle card,"As pinned: new vinyl line. Adapted: ~£0.14–0.47/sticker, same as your current set",Medium-High,"Medium-High — a genuinely different card shape, and its plain simplicity (no wreath/flourish) keeps it easy to reproduce well","UPDATED per the P44 insight: the only reason this was marked 'needs Cricut' was circle outline as a cut shape — a cut-vinyl limitation (weeding), not a printing one. Printed as ink on your standard rectangle card and guillotine-trimmed, fine detail and colour cost nothing extra. Reclassified to doable now. Doable now with the same fix as P01/P10: print the circle outline as ink inside your standard rectangle card rather than actually cutting a circular sticker — guillotine-trimmed as always. If you ever do want a true circular die-cut product later, a plain circle (no fine internal detail, unlike the wreaths in P15) is one of the easiest shapes on this whole board to contour-cut cleanly — worth remembering as a good 'first' Cricut product once that's in the workflow."
P18,House Number & Street Name,Minimal,"Number-only sticker, no street name (sold in sets of 2, letters A-Z also available)","Amazon-style product photo: dark navy bin with a large white '123', 'Set Of 2' and 'Now Includes Letters A To Z' marketing text overlaid, no street name.",Not stated,No,Doable now,"WC, CV",N/A as pinned. 4 at our spec if printed as a simplified 'number only' variant,"As pinned: new vinyl line. Adapted: same ~£0.14–0.47/sticker — a shorter design doesn't meaningfully reduce ink/material cost, it's a content simplification, not a cost saving",High,"High — 4.7★/369 reviews, '50+ bought in past month'. Real evidence some customers want just the number, not the full address","UPDATED per the P44 insight: the only reason this was marked 'needs Cricut' was direct-on-bin, no border — a cut-vinyl limitation (weeding), not a printing one. Printed as ink on your standard rectangle card and guillotine-trimmed, fine detail and colour cost nothing extra. Reclassified to doable now. Worth adding a 'number only' lightweight variant across your existing styles (just omit the street_name text) as a simpler/faster option to offer, especially for customers who don't want their full address visible. Also notable: the same seller sells house letters (A-Z) alongside numbers — a small additional SKU idea for houses named rather than numbered."
P19,House Number & Street Name,House + floral,"House-outline icon containing number+street, filled in multiple solid colours","Marketing image: black bin with a white house-outline icon containing '198 / Your Street Name', plus 4 colour swatches (red/yellow/blue/green) of the same house shape filled solid, a hand peeling a pink version, captioned 'Customisable Stickers' and 'Custom Text'.",Not stated,No,Needs Cricut,"WC, PTC, CRICUT","N/A directly comparable — but since one small house shape is well within the ~183×270mm Print-Then-Cut registration-mark limit (unlike your 4-up rectangle sheet), multiple could plausibly fit in one pass depending on layout","As pinned: new material line, plus this uses genuine Cricut Print-Then-Cut time (design, print, then a second machine pass to cut) — meaningfully more production time than your guillotine workflow",High,"High — same core concept as P10, now seen from a second seller, plus the multi-colour customisation angle adds appeal","Partial reclassification: the house-outline+number GRAPHIC can be printed inside your rectangle card (doable now, loses the shaped-sticker look). A true filled, die-cut house SHAPE (no card background) still needs Print-Then-Cut — that part of the idea genuinely depends on the Cricut. Important equipment note: your Equipment Guide specifically ruled OUT Print-Then-Cut for your main 4-up 100×140mm rectangle sheet, because the combined layout exceeds the registration-mark size limit. But a SINGLE small house-shaped sticker like this one is well within that limit — so Print-Then-Cut is genuinely back on the table for a standalone shaped product like this, even though it's not viable for your main bin sticker format. Worth treating as a distinct 'shaped single sticker' product line rather than trying to fit it into your existing 4-up sheet workflow."
P20,House Number & Street Name,Recycling/bin-type,"House-outline + number-only design, sold as a matching set across bin, second bin, and food caddy","Marketing image: green bin, black bin, blue 'Set of 4' bin, and a brown food waste caddy, all with a matching small white house-outline icon containing '19', captioned 'Choose Your Number 1-99'.",15cm (stated),No,Doable now,"WC, CV","N/A as pinned. 4 at our spec if printed as ink inside a rectangle card, same fix as P10/P17","As pinned: new vinyl line. Adapted: ~£0.14–0.47/sticker, same as your current set",High,"High — real Amazon listing, 4.7★/350 reviews, and it's the third separate pin (after P08, P16) independently pointing at the same conclusion: a matching bin + food-caddy bundle is a validated seller","UPDATED per the P44 insight: the only reason this was marked 'needs Cricut' was outline shape as a cut frame — a cut-vinyl limitation (weeding), not a printing one. Printed as ink on your standard rectangle card and guillotine-trimmed, fine detail and colour cost nothing extra. Reclassified to doable now. This is the strongest bundle validation yet — a real product literally selling the same design across a main bin, second bin, AND a food caddy. This is exactly the 'bundled extras (matching recycling/food caddy sticker)' idea already sitting in your Growth Plan's Premium tier section — worth moving that from 'idea' to 'build this' given three independent pins (P08, P16, P20) all point here. Doable now: a small food-caddy-sized version of your existing house_icon design, printed the same way as your main sticker."
P21,House Number & Street Name,Pet,"EDSG 'Design 5' — trailing paw prints + number + street, on a white card","Green bin, Amazon product photo: white rectangular card with a diagonal trail of small black paw prints top-left and '76 / North Avenue' in bold serif.",Not stated — proportioned similarly to your other small-format designs,Yes,Doable now,WC,"4 per A4, matching your spec directly","~£0.14–0.47/sticker, same as your current set",High,"High — this is EDSG, the exact same brand that anchored your original Competitor Research (4.8★/5,046 reviews on their main listing). This specific paw-print variant ('Design 5') has 1,337 reviews at 4.7★ on its own. About as strong a validation signal as anything on this entire board.","This is your existing design #10, already validated at real scale by the same trusted brand your whole project started with. One easy upgrade worth making: swap your single paw icon for a small diagonal TRAIL of 4-5 paw prints, like this listing — a quick change to draw_paw_icon's usage, no new equipment, no new artwork technique needed."
P22,House Number & Street Name,Pet,"Two cats perched on top of a white number/street card (LondonDecal, Etsy)","Black bin, Etsy product photo: white rectangular card with '95 / OAK LANE' in bold serif, two white cat silhouettes sitting on top of the card overlapping its top edge, price overlay (£2.99+).","Not stated — real pricing given: £2.99+ base, £4.64+ with postage",No,Doable now,WC,N/A as pinned. 4 at our spec if the cats are resized to sit fully within the card,"As pinned: new vinyl line + irregular cut. Adapted: ~£0.14–0.47/sticker, same as your current set",High,"High — 5-star shop, real commercial pricing, and this is the third independent pin validating the pet theme (after P03, P21)","UPDATED per the P44 insight: the only reason this was marked 'needs Cricut' was cats overlapping the card edge — a cut-vinyl limitation (weeding), not a printing one. Printed as ink on your standard rectangle card and guillotine-trimmed, fine detail and colour cost nothing extra. Reclassified to doable now. Useful pricing benchmark: £2.99 base / £4.64 with postage — worth comparing against your own £5–8 target range in the Business Plan; suggests your pricing is reasonable, maybe even room to nudge up given your laminated, more durable positioning. Doable now if simplified: keep the cat silhouettes fully inside the card boundary instead of overlapping the top edge — same printed-rectangle method as your other 9 designs, a two-cat variant alongside #10's paw and P21's trailing-paw idea."
P23,House Number & Street Name,Recycling/bin-type,Food waste caddy sticker sold as its own standalone product (not a bundle add-on),"Brown food waste caddy against a brick wall, white cut-vinyl '37' above a thin underline above 'Hatherton Lane', no border, Amazon-style listing screenshot.","Not stated — smaller than a full bin, caddy-proportioned",No,Doable now,"WC, CV","N/A as pinned — and note: a caddy needs its own size spec, not just a scaled-down version of your 100×140mm bin sticker","As pinned: new vinyl line. Adapted: would need a genuinely new smaller size defined and costed separately, not reused from your bin sticker sheet",High,"High — real evidence customers buy a food-caddy sticker as its own purchase, not only as a bundle freebie","UPDATED per the P44 insight: the only reason this was marked 'needs Cricut' was direct-on-bin, no border — a cut-vinyl limitation (weeding), not a printing one. Printed as ink on your standard rectangle card and guillotine-trimmed, fine detail and colour cost nothing extra. Reclassified to doable now. The new information here isn't the visual style (that's the same borderless pattern as P08/P09 — now the single most repeated format on this whole board) — it's that a caddy sticker is a legitimate STANDALONE SKU with its own price, not just a bundle sweetener. Combined with P08/P16/P20, this makes a strong case for treating the caddy sticker as a real product to define properly (own size measurement, own cost line in the spreadsheet) rather than an afterthought bundled with the main bin sticker."
P24,House Number & Street Name,Classic/ornate border,EDSG 'Design 4' — double-line border with vertical leaf sprigs flanking left and right,"Green bin, Amazon product photo: white rectangular card, double-line border, '69 / The Avenue' in bold serif, small vertical leaf/wheat sprigs flanking the left and right sides.",Not stated,Yes,Doable now,WC,"4 per A4, matching your spec directly","~£0.14–0.47/sticker, same as your current set",Medium,"Medium — real EDSG product, but with a notably smaller review count (5) than their other listings shown elsewhere on this board (1,337+) — treat as a legitimate style worth testing, not a proven top-seller like P21/P25","Fully doable now — same printed-card production method you already use, just with side-flanking leaf sprigs instead of your existing corner ornaments (#9). A genuinely easy new style to add: reuse your existing flower/leaf drawing logic, just repositioned to the sides."
P25,House Number & Street Name,Classic/ornate border,"EDSG 'Design 11' — bold number, serif street, small flourish beneath (Amazon's Choice, 200+ bought/month)","Green bin, Amazon product photo: white rectangular card, single-line border, '96 / Roman Road' in bold serif, small decorative scroll flourish beneath the street name.",Not stated,Yes,Doable now,WC,"4 per A4, matching your spec directly","~£0.14–0.47/sticker, same as your current set",Very High,"Very High — Amazon's Choice, 200+ bought in the past month, 4.7★ — one of the strongest sales-volume signals on the entire board","This validates your own Classic design (#1) almost exactly — same core ingredients (serif number+street, single border, small flourish accent), just with the flourish placed below the street name instead of between number and street. Combined with the sales volume shown here, this is strong evidence that Classic's underlying formula — not just the corner-flourish or wreath variants — is the single safest bet of everything reviewed across all 25 ideas so far."
P26,House Number & Street Name,Classic/ornate border,Number in a circle badge + scroll flourish + underlined street name below,"Grey/dark bin, white cut-vinyl '73' inside a circle, a small scroll flourish beneath it, 'WALKER WAY' underlined below, shown on both black and green bins.",Not stated,No,Doable now,"WC, CV",N/A as pinned. 4 at our spec if printed as ink inside a rectangle card,"As pinned: new vinyl line. Adapted: ~£0.14–0.47/sticker, same as your current set",High,"High — a clean, premium-reading 'badge' composition, distinct from anything currently in your 10","UPDATED per the P44 insight: the only reason this was marked 'needs Cricut' was circle + flourish as cut shapes — a cut-vinyl limitation (weeding), not a printing one. Printed as ink on your standard rectangle card and guillotine-trimmed, fine detail and colour cost nothing extra. Reclassified to doable now. Doable now if adapted: print the circled-number + flourish + underlined-street combination as ink inside your standard rectangle card — the circle is decorative artwork here, not an actual cut shape, so no Cricut needed. A nice distinct 'badge-style' layout worth adding."
P27,House Number & Street Name,House + floral,"EDSG 'Design 3' — number nested in a bold house-outline icon, on a white card (Amazon's Choice, 100+ bought/month)","Green bin, Amazon product photo: white rectangular card, bold house-outline icon (thick black lines, no fill) containing '81', with 'The Avenue' printed below.",Not stated,Yes,Doable now,WC,"4 per A4, matching your spec directly","~£0.14–0.47/sticker, same as your current set",Very High,"Very High — same 1,337-review EDSG product family as P21 and P25, Amazon's Choice, 100+ bought in the past month","This ties together P10, P19, and P20 — the house-icon-with-nested-number concept has now appeared 4 times, and this is the version with the strongest sales backing (same trusted EDSG line as your two best-validated designs). Genuinely doable now: it's printed on a white rectangle card exactly like your production method, not cut direct-on-bin — no Cricut needed, just design the house outline with the number nested inside as printed ink. I'd treat this as one of your top build priorities from the whole board."
P28,House Number & Street Name,Classic/ornate border,Circular wreath made of alternating arrow/fletching shapes (TheVinylStudioGB),"Green bin, Etsy product photo ('TheVinylStudioGB'): black cut-vinyl circular wreath of alternating arrow/fletching shapes surrounding '36 / Central Avenue' in a cursive-serif font.","Not stated — 'Various Colours, Various Sizes' offered",No,Doable now,"WC, CV",N/A as pinned,As pinned: new vinyl line,Medium-High,"Medium-High — a genuinely different decorative motif (rustic/boho arrow wreath) versus the floral wreaths already logged (P06, P15), though from a smaller shop (4.5★, positioned as 'local seller') than EDSG-tier validation","UPDATED per the P44 insight: the only reason this was marked 'needs Cricut' was fine fletching detail — a cut-vinyl limitation (weeding), not a printing one. Printed as ink on your standard rectangle card and guillotine-trimmed, fine detail and colour cost nothing extra. Reclassified to doable now. A distinct aesthetic direction worth knowing about even if you don't build it soon. As pinned needs Cricut for the fine fletching detail. Could be simplified into a printed circular graphic (ink only) inside your standard rectangle card if you want the look without the equipment requirement — same treatment as P17's circle adaptation."
P29,House Number & Street Name,Out of scope — new material,Reflective vinyl house-icon sticker ('Reflective Stickers'),"Marketing image: dark grey/blue bin with a white house-outline icon and '29 / Your Street' in reflective material, captioned 'Reflective Stickers', disclaimer '*ONLY STICKERS, NO TRASH CAN*'.",Not stated,No,Needs Cricut,CRICUT,N/A — reflective sheet isn't used the same way as your printable A4 stock,"New material line entirely, not in your current cost sheet or Equipment Guide — reflective adhesive vinyl would need sourcing and pricing from scratch",Medium-High,"Medium-High — reflective finish is a genuine practical differentiator, not just decorative: it directly matches wheeliebinnumber.co.uk's reflective/night-glow positioning already flagged in your very first Competitor Research file as a durability/differentiation benchmark","This is a new MATERIAL category, not just a new design — worth treating separately from every other Cricut-needed idea on this board, since it's not solvable by switching to printed ink like most of them. Genuine future product: would need reflective adhesive vinyl sourced and costed, and is most likely a cut (not printed) material, so it depends on the Cricut regardless. Practical safety angle (early-morning bin collection visibility) makes it worth revisiting once Tier 2/3 equipment is on the table."
P30a,Numbers,Classic/ornate border,"'56' inside a small floral leaf wreath, number only, no street name","Black bin, white cut-vinyl small floral leaf wreath circle around '56', no street name.",Not stated,No,Doable now,"WC, CV",N/A as pinned,As pinned: new vinyl line,High,"High — same floral wreath validation as P06/P15, now confirmed as a genuine number-only product, not just a number+street variant","UPDATED per the P44 insight: the only reason this was marked 'needs Cricut' was fine wreath detail — a cut-vinyl limitation (weeding), not a printing one. Printed as ink on your standard rectangle card and guillotine-trimmed, fine detail and colour cost nothing extra. Reclassified to doable now. Since there's no street name, this doesn't need your full 140mm-tall card — worth considering a dedicated smaller/more compact 'number only' size rather than just leaving the street_name field blank on your existing spec. Doable now if adapted: print the wreath+number as ink on a smaller rectangle card, guillotine-trimmed. Ties directly to P18's number-only validation (369 reviews, 50+ bought/month) from the other set."
P30b,Numbers,Classic/ornate border,"Same wreath design, '64', shown on black and orange bins","Black and orange/brown bins, same floral wreath circle design around '64'.",Not stated,No,Doable now,"WC, CV",N/A as pinned,Same as P30a,High,High — see P30a,"UPDATED per the P44 insight: the only reason this was marked 'needs Cricut' was fine wreath detail — a cut-vinyl limitation (weeding), not a printing one. Printed as ink on your standard rectangle card and guillotine-trimmed, fine detail and colour cost nothing extra. Reclassified to doable now. Duplicate design to P30a — grouped under one ID family. Two sightings of this exact wreath-number-only product reinforces it's a deliberate product, not a one-off."
P31,Numbers,Nature/insect,"Bumble bee illustration with number on the body, 3 colour variants","Three bins (green, yellow, blue), each with a bumble bee illustration and '301' on the bee's body, in a colour complementing/contrasting its bin.",Not stated,No,Doable now,"WC, CV",N/A as pinned,As pinned: new vinyl line,High,"High — a genuinely new icon theme not seen anywhere in your House Number & Street Name set, playful and nature-themed","UPDATED per the P44 insight: the only reason this was marked 'needs Cricut' was fine wing/body detail — a cut-vinyl limitation (weeding), not a printing one. Printed as ink on your standard rectangle card and guillotine-trimmed, fine detail and colour cost nothing extra. Reclassified to doable now. As pinned, needs Cricut for the fine wing/body detail — similar complexity to the raccoon (P14) and cat (P22) illustrations. A simplified, flatter bee silhouette could be printed today using the same 'icon + number' structure as your existing designs, just without a street name field."
P32,Numbers,Kids/dinosaur,"Cartoon dinosaur illustrations (triceratops, T-rex, stegosaurus) with number integrated, sold as a themed set","Three bins (blue, green, orange), banner 'Dinosaur Bin Stickers', each with a white cartoon dinosaur outline (triceratops, T-rex, stegosaurus) with '123' worked into the design.",Not stated,No,Doable now,"WC, CV",N/A as pinned,As pinned: new vinyl line,High,"High — explicitly kid/family-targeted, a different customer segment from anything else catalogued so far. Offering 3 species mirrors the 'variety within a theme' pattern already validated by the peeking-animal designs (P03, P14)","UPDATED per the P44 insight: the only reason this was marked 'needs Cricut' was cartoon outline detail — a cut-vinyl limitation (weeding), not a printing one. Printed as ink on your standard rectangle card and guillotine-trimmed, fine detail and colour cost nothing extra. Reclassified to doable now. Worth flagging as a genuinely different market segment (families with young kids) rather than a style variant. The cartoon/outline art style looks simpler than the bee's fine detail (P31) — if you want an easier first illustrated-character design to prioritise, this is likely the more forgiving one to simplify for printing or hand-cutting."
P33,Numbers,Kids/character,"Cute cartoon bear with number on belly, 3 poses across 3 bin colours","Three bins (blue, green, orange), white cartoon bear character in 3 poses (sleepy, cheerful, waving) with '123' on the belly.",'3 Sizes' offered (exact dimensions not stated),No,Doable now,"WC, CV",N/A as pinned,As pinned: new vinyl line,High,"High — same pattern as P32 (dinosaur): kid/family segment, character variety within one theme","UPDATED per the P44 insight: the only reason this was marked 'needs Cricut' was cartoon outline detail — a cut-vinyl limitation (weeding), not a printing one. Printed as ink on your standard rectangle card and guillotine-trimmed, fine detail and colour cost nothing extra. Reclassified to doable now. Same market segment and structure as P32 — reinforces that a kids' character line (dinosaurs, bears, and similar) is a genuine, repeatable product family, not a one-off. The flat, simple cartoon style here has noticeably less fine detail than the bee (P31) or illustrated cats (P13, P22, P35) — likely your most approachable illustrated-character design to attempt first, whether printed or eventually hand/machine cut."
P34,Numbers,Out of scope — not a sticker,Wall-mounted house number plaque with watercolour wildflower illustration,"Hand holding a white rigid rectangular plaque, rounded top corners, two mounting holes, '143' in bold serif at the top and a watercolour-style illustration of orange/yellow wildflowers across the bottom, photographed against grass.",Not stated,No,Needs Cricut,NA,N/A — not a printed/cut sticker product,"N/A — would be a sourced/manufactured hardware item, same category issue as P07's solar sign",N/A,"N/A for your current bin sticker business — different product category (rigid signage, not stickers)","Not a bin sticker — a wall-mounted plaque with mounting holes, same out-of-scope category as P07. The transferable idea worth keeping: this soft, painterly watercolour wildflower style is a genuinely different (and appealing) floral treatment from the flat vector wreaths seen elsewhere on this board — reinforces P05's earlier finding that realistic/illustrated florals tend to outperform flat vector ones. Worth referencing as a style direction for a future floral bin sticker design, even though this specific product isn't one."
P35,Numbers,Pet,Comedic illustrated fat cat hugging a circular number badge,"Green bin, full-colour illustrated wide-eyed comedic fat cat (black and white, pink nose) hugging a white circular badge containing '236' between its paws.",Not stated,No,Doable now,"WC, PTC, CRICUT","N/A as pinned — but a single small shape like this fits within the Explore 5's registration-mark limit, same consideration as P19","As pinned: new material/process line, Print-Then-Cut takes meaningfully longer per unit than your guillotine workflow",High,"High — the third distinct cat treatment now catalogued (after P03's silhouette and P13's portrait), reinforcing that humour/character illustration is a strong sub-theme within pets specifically","UPDATED per the P44 insight: the only reason this was marked 'needs Cricut' was full-colour illustration + contour badge shape — a cut-vinyl limitation (weeding), not a printing one. Printed as ink on your standard rectangle card and guillotine-trimmed, fine detail and colour cost nothing extra. Reclassified to doable now. Full-colour Print-Then-Cut, same equipment note as P19 and P13 — genuinely viable as a single small shaped sticker even though it's not viable for your main 4-up sheet. A distinct compositional idea from your existing designs: character physically HOLDING the number badge, rather than sitting beside or above the text."
P36,Numbers,Nature/animal,"Full-colour running horse scene (horse, trees, hill) with number below","Black bin, full-colour illustrated scene of a running chestnut horse in front of pine trees and a grassy hill, bold white '53' printed below.",Not stated,No,Doable now,"WC, CV",N/A as pinned. 4 at our spec if simplified onto a plain rectangle card,"As pinned: Print-Then-Cut process. Adapted: ~£0.14–0.47/sticker, same as your current set",High,"High — appeals to a genuine niche audience (horse/equestrian owners), and a full-colour scene reads as premium/eye-catching","UPDATED per the P44 insight: the only reason this was marked 'needs Cricut' was full-colour scene, irregular edge — a cut-vinyl limitation (weeding), not a printing one. Printed as ink on your standard rectangle card and guillotine-trimmed, fine detail and colour cost nothing extra. Reclassified to doable now. One of the easiest 'doable now' fixes in this set: print the horse+trees illustration on a plain rectangle card (white or one of your accent colours) instead of trying to contour-cut around the scene's irregular edge — same production method as your own 10 designs, no Cricut needed at all. As literally pinned (direct on bin, no card edge), it would require full Print-Then-Cut."
P37,Numbers,Kids/character,Cute hedgehog-style character with number on the body (video screenshot),"Video screenshot (timer visible), brown/caddy-coloured bin with a simple white cute rounded hedgehog-like silhouette containing '90' on its body.",Not stated,No,Doable now,"WC, CV",N/A as pinned,As pinned: new vinyl line,High,High — continues the 'cute character + number' family already validated by P32 (dinosaur) and P33 (bear),"UPDATED per the P44 insight: the only reason this was marked 'needs Cricut' was silhouette detail — a cut-vinyl limitation (weeding), not a printing one. Printed as ink on your standard rectangle card and guillotine-trimmed, fine detail and colour cost nothing extra. Reclassified to doable now. Another entry in the same cute-character-plus-number family. Simple, low-detail flat silhouette — likely one of the more approachable illustrated designs to adapt for printing or eventual hand-cutting."
P38,Numbers,Pet,"Grumpy cat face icon above a bordered number box — '2 Size Options, 22 Colours Available'","Two bins (orange/brown, black), marketing image 'Waterproof Vinyl Decal, 2 Size Options, 22 Colours Available', white grumpy cat face icon above a thin-bordered rectangle containing '75'.",2 size options offered (exact dimensions not stated),No,Doable now,"WC, CV",N/A as pinned,As pinned: new vinyl line,High,"High — the fourth distinct cat treatment now catalogued (after P03, P13, P35), and the 22-colour offering signals a seller with genuinely broad customisation infrastructure","UPDATED per the P44 insight: the only reason this was marked 'needs Cricut' was fine facial detail — a cut-vinyl limitation (weeding), not a printing one. Printed as ink on your standard rectangle card and guillotine-trimmed, fine detail and colour cost nothing extra. Reclassified to doable now. Useful benchmark: 22 colours + 2 sizes is a notably wide customisation range — worth comparing against your own 6-colour ACCENTS palette if colour choice turns out to matter to customers. The 'icon above a numbered box' composition is easy to adapt as printed ink on your existing card format; the cat face itself needs Cricut-level precision as pinned."
P39,Numbers,Pet/wildlife,Illustrated raccoon peeking out of a mini trash can bearing the number,"Black bin, full-colour illustrated raccoon peeking out of a small illustrated trash can, '73' printed on the can itself.",Not stated,No,Doable now,"WC, CV",N/A as pinned. 4 at spec if adapted onto a plain rectangle card,As pinned: Print-Then-Cut process. Adapted: ~£0.14–0.47/sticker,High,"High — a second raccoon variant (after P14's silhouette), confirming raccoon is a genuine recurring animal choice, not a one-off, plus a fun visual pun (number on a mini trash can rather than beside it)","UPDATED per the P44 insight: the only reason this was marked 'needs Cricut' was full-colour illustration — a cut-vinyl limitation (weeding), not a printing one. Printed as ink on your standard rectangle card and guillotine-trimmed, fine detail and colour cost nothing extra. Reclassified to doable now. Same fix as P36/P13: print this on a plain rectangle card instead of cutting around the illustration's outline, and it's producible with your existing guillotine workflow today. As literally pinned it would need full Print-Then-Cut for the fine illustrated detail."
P40,Numbers,Kids/character,Flat monkey/ape icon with an alphanumeric code ('3C') rather than a plain number,"Video screenshot (mobile UI visible), orange bin with a simple flat black monkey/ape face-and-shoulders icon and '3C' beside it.",Not stated,No,Doable now,"WC, CV",N/A as pinned,As pinned: new vinyl line,Medium-High,"Medium-High — another character option in the same family as P32/P33/P37, and notable for using a flat/apartment-style code (3C) instead of a plain number","UPDATED per the P44 insight: the only reason this was marked 'needs Cricut' was silhouette detail — a cut-vinyl limitation (weeding), not a printing one. Printed as ink on your standard rectangle card and guillotine-trimmed, fine detail and colour cost nothing extra. Reclassified to doable now. Worth remembering as evidence that some customers need letter+number codes (flats, apartments) rather than pure digits — if you want to support that market, your input field just needs to accept any text, not just numbers, which it already does since house_number is a plain string in your script."
P41,Numbers,Out of scope — new material,"Reflective stickers, including a holographic/rainbow variant, shown across 3 bins","Marketing image 'Customize Reflective Stickers': three bins (yellow, brown/black, green), each with a small icon+'218' sticker in a different reflective colour (blue cat icon, holographic/rainbow icon, red icon), disclaimer '*ONLY STICKERS, NO TRASH CAN*'.",Not stated,No,Needs Cricut,CRICUT,N/A,"New material line, same issue as P29 — reflective/holographic vinyl isn't in your current cost sheet or Equipment Guide",Medium-High,"Medium-High — second independent sighting of reflective stickers as a real marketed product (after P29), reinforcing this is a genuine category, not a one-off","Two sightings now (P29, this one) of reflective vinyl as an actual product, not just an idea — worth taking seriously as a future material line, tied back to your very first Competitor Research file (wheeliebinnumber.co.uk's reflective/night-glow positioning). The holographic/rainbow effect shown here is a distinct material variant worth knowing about separately from plain reflective white."
P42,Numbers,Kids/character,Cute dachshund/sausage dog character with number on body,"Video screenshot (timer visible), green bin with a simple white dachshund/sausage-dog silhouette containing '98' on its body.",Not stated,No,Doable now,"WC, CV",N/A as pinned,As pinned: new vinyl line,High,"High — fourth entry in the cute-character-plus-number family (dinosaur, bear, hedgehog, now dog)","UPDATED per the P44 insight: the only reason this was marked 'needs Cricut' was silhouette detail — a cut-vinyl limitation (weeding), not a printing one. Printed as ink on your standard rectangle card and guillotine-trimmed, fine detail and colour cost nothing extra. Reclassified to doable now. This pattern (cute animal character, number on the body, simple flat single-colour style) is now thoroughly validated across 4 separate pins — worth treating as a genuine product sub-line with multiple character options, not a single design to pick from."
P43,Numbers,Nature/animal,Illustrated sitting cow (Friesian pattern) with number on its side,"Dark green bins (2-3 shown), white cut-vinyl illustrated sitting cow with a spotted Friesian pattern, '125' on its side.",Not stated,No,Doable now,"WC, CV",N/A as pinned,As pinned: new vinyl line,High,"High — pairs with P36 (horse) as a second countryside/farm-animal option, and being single-colour makes it notably more approachable to produce than the horse's full-colour scene","UPDATED per the P44 insight: the only reason this was marked 'needs Cricut' was spot-pattern detail — a cut-vinyl limitation (weeding), not a printing one. Printed as ink on your standard rectangle card and guillotine-trimmed, fine detail and colour cost nothing extra. Reclassified to doable now. Worth considering a small farm-animal sub-collection (horse, cow, maybe sheep) alongside the cute-character family and the peeking-pet family already identified — three distinct animal-theme product lines are now visible across this board."
P44,Numbers,Classic/ornate border,"EDSG 'Design 9' — number-only in a scalloped/fluted border, printed on white card ('#1 Best Seller in Signs & Plaques')","Amazon product photo: green bin with a small white card showing '56' inside a scalloped/fluted border, '#1 Best Seller in Signs & Plaques' and '50+ bought in past month' badges, 'Colour Name: Design 9' shown below.",Not stated,Yes,Doable now,WC,"4 per A4, matching your spec directly","~£0.14–0.47/sticker, same as your current set",Very High,"Very High — '#1 Best Seller in Signs & Plaques', 50+ bought in the past month, and it's a number-only product, reinforcing P18's earlier finding that customers want a no-street-name option","This resolves P01 from your first set. It's essentially the same fluted-border concept, but here it's clearly printed on a white card rather than applied direct-to-bin, which removes the white-ink blocker that made P01 a future item. At this sales volume (#1 bestseller, 50+/month), it's near-certain EDSG prints the scalloped border as ink within a plain guillotine-cut rectangle rather than actually die-cutting the wavy edge — meaning this is genuinely producible with your existing setup today, no Cricut required."
P45,Numbers,Nature/whimsical,"Blowing dandelions with heart-shaped seeds, number, and a small hidden mouse detail","Real photo, dark grey bin against a brick house background: white cut-vinyl illustration of dandelions blowing apart into heart-shaped seeds, with '6' and a small hidden mouse detail near the base.","Not stated — the scene looks larger than a typical icon, possibly 200mm+ tall as pinned",No,Doable now,"WC, CV",4 per A4 if scaled to your 100×140mm spec,"~£0.14–0.47/sticker, same as your current set — fine line detail costs nothing extra once printed rather than cut",High,High — genuinely charming and different from anything else on either board; the hidden mouse is a delightful small touch that could become a signature detail across a design,"A great example of the corrected print-vs-cut principle: this has more fine detail than almost anything else catalogued, and it's still fully doable now, because none of that detail needs to be physically cut — it's just ink. Worth checking the scene fits comfortably at your 100×140mm size without feeling cramped; if not, this might be a candidate for a slightly larger 'premium' size tier instead of shrinking the artwork."
P46,Numbers,Minimal,"Plain bold numbers, no border, no icon ('19', '18')","Two bins (green, black), plain bold white numbers '19' and '18', no border, no icon.",Not stated,No,Doable now,"WC, CV","4 per A4 at your spec, with a border added — essentially design #2 minus the street name","~£0.14–0.47/sticker, same as your current set",High,High — reinforces P18's and P46's own number-only validation,The simplest possible entry on the whole board — literally just your existing Minimal design (#2) with the street name field left blank. No new design work needed at all.
P47,Numbers,House + floral,"House-outline + number, 'Stickers Limited' — 4.7★ (4,272 reviews), Amazon's Choice, 1K+ bought in past month","Amazon product photo: black bin with a small white house-outline sticker containing '65', plus 5 close-up variations of the same sticker shown separately; '#PBN09', '4.7★ (4,272)', '1K+ bought in past month', 'Amazon's Choice' badges.",140 × 150mm (stated),No,Doable now,WC,"4 per A4 at your spec (their stated 140×150mm is close to, though not identical to, your 100×140mm)","~£0.14–0.47/sticker, same as your current set",Very High,"Extremely High — 4,272 reviews and 1,000+ bought in the past month is the single strongest sales-volume figure across both boards, well beyond P25's 200+/month or P27's 50+/month","This is the 5th sighting of the house-outline+number concept (after P10, P19, P20, P27) and by a wide margin the strongest sales evidence for it. If you build only one new design off the back of these 48 pins, this concept — house outline with the number nested inside, printed on your standard card — is the one with the most real-world proof behind it."
P48,Numbers,Kids/character,"Cartoon owl, penguin, and panda with numbers on their bellies (StickyArtUK, £5.50, 5★)","Three bins (blue, grey/black, brown), Etsy product photo ('StickyArtUK', £5.50): black/white cartoon owl ('756'), penguin ('675'), panda ('635'), each with the number on the belly.","Not stated — real price given: £5.50, free delivery",No,Doable now,"WC, CV",4 per A4 if adapted to your rectangle card,"~£0.14–0.47/sticker, same as your current set",High,"High — the sixth-plus sighting of the cute-character-plus-number family (after dinosaur, bear, hedgehog, dog, and others), and a real price benchmark (£5.50) close to your own target range","At this point the cute-character-animal line is one of the best-evidenced product families across the whole 48-pin board — dinosaurs, bears, hedgehogs, dogs, owls, penguins, pandas, all following the same 'simple flat silhouette + number on the belly' structure. Worth treating as a real multi-character product line, not a single design choice."
P49,Street Name,House + floral,"'Sadler House' in script, floral corner accents, thin rectangular border","Dark grey bin, white cut-vinyl 'Sadler House' in cursive script inside a thin rectangular border with small floral flourishes at each corner.","Not stated — a compact, wide/landscape rectangle rather than your portrait 100×140mm shape",No,Doable now,"WC, CV","N/A as pinned at this size/shape — this is a smaller, more compact product than your number+street card, not a straightforward 4-per-A4 fit","~£0.14–0.47/sticker if adapted to a printed card, similar to your current set, though a smaller card would use less material per unit",High,"High — house names are a genuinely distinct customer segment (named period/rural properties, or houses people have personally named) not touched by your current numbered-address line at all","First of 3 pins in this set sharing the same underlying structure: icon/border accent + house name text. This one uses a floral rectangular frame. Since there's no number involved, this is a genuinely separate product — a 'house name' variant — worth its own compact size rather than squeezing it into your existing number+street card."
P50,Street Name,House + floral,"'SADLER HOUSE' with a heart outline above, underlined caps text","Dark grey bin, white cut-vinyl heart outline icon above a thin underline above 'SADLER HOUSE' in bold caps.",Not stated,No,Doable now,"WC, CV",N/A as pinned at this size/shape,"~£0.14–0.47/sticker if adapted, similar to your current set",High,"High — the heart icon gives this a sentimental/gift angle (housewarming, first home together) that pairs naturally with your existing gift-feel packaging strategy already in the Business Plan","Second pin in the 'icon + underline + house name' pattern (see P49, P51) — same layout, swappable icon. A heart-themed variant specifically suits gifting occasions, worth flagging for cross-promotion with your thank-you card line."
P51,Street Name,House + floral,"'SADLER HOUSE' with antler/branch flourish above, underlined caps text","Dark grey bin, white cut-vinyl symmetrical antler/branch icon above a thin underline above 'SADLER HOUSE' in bold caps.",Not stated,No,Doable now,"WC, CV",N/A as pinned at this size/shape,"~£0.14–0.47/sticker if adapted, similar to your current set",Medium-High,"Medium-High — a distinct rustic/cabin/lodge aesthetic, connecting back to the very first Competitor Research file, which explicitly named 'Caravan Lodge Cabin' stickers as an existing market segment you hadn't yet built for","Third pin in the same 'icon + underline + house name' structural pattern (P49, P50, P51 all share it) — one layout, three interchangeable icon themes (floral, heart, antler). Efficient to build as one flexible template with a swappable icon rather than three separate designs."
P52,Street Name,Flat/apartment,'FLAT B' inside a circle with a small floral accent at the base,"Dark bin, white cut-vinyl thin circle outline with a small flower/leaf accent at the base, 'FLAT B' text stacked inside.",Not stated,No,Doable now,"WC, CV",N/A as a true circular die-cut. 4 per A4 if printed as a circle graphic on a rectangle card,"~£0.14–0.47/sticker if adapted, same as your current set",Medium-High,"Medium-High — validates flat/apartment-style labelling as a real, separate need (not just house numbers), directly echoing P40's alphanumeric-code finding from the Numbers set","Same fix as P17/P26: print the circle+flower as ink inside your rectangle card rather than actually die-cutting a circle. Ties directly to P40 — your house_number field is already a plain text field, so 'Flat B' or similar apartment-style labels work with zero code changes, just a naming convention decision on your end."
P53,Inspiration Only,Full bin wrap,Marketplace listing for a flat 2D 'garden shed' full-panel bin wrap design,"Marketplace listing screenshot ('100% OFF', '£2.70', 'Was: £3.17'), showing a flat vector illustration of a rustic wooden shed wall with two garden tools hanging and three potted plants on a shelf, applied as a full wrap across a dark grey bin's entire front panel. Banner reads '2D Flat Patterns, Not 3D Effects'.","Not stated — but visually covers most of the bin's front face, well beyond a corner sticker",No,Needs Cricut,NA,N/A — inspiration only,N/A — inspiration only,N/A,"N/A — inspiration only, not evaluated for sale","**Can we create it?** Not with the current setup. The artwork style itself is fine — it's flat 2D vector illustration, genuinely no different in principle from anything else on this board — but the SIZE is the real blocker: this covers most of a bin's front face, likely 300-400mm+, which is a full-panel wrap, not a small sticker. Producing something this size would need either a large-format printer (well beyond any equipment tier currently planned) or tiling multiple A4 sheets edge-to-edge, which is a fundamentally different product line (bin wraps) from the personalised number/name stickers this business is built around. Good brainstorming reference for a possible future product category, not adaptable to your current spec."
P54,Inspiration Only,Full bin wrap,Professional Aboriginal dot-painting style full bin wrap ('Bindigenous'),"A wheelie bin with a yellow lid, professionally wrapped across its entire front panel in an Aboriginal Australian dot-painting style — concentric circles of yellow/orange/white dots on the top half, teal/blue/green dots on the bottom half, with a small brand mark reading 'BINDIGENOUS' in the bottom corner.",Not stated — full front-panel coverage,No,Needs Cricut,NA,N/A — inspiration only,N/A — inspiration only,N/A,"N/A — inspiration only, not evaluated for sale","**Can we create it?** No, for two separate reasons. Same size/format issue as P53 — this is a full-panel wrap, not a small sticker, and beyond current equipment regardless of style. More importantly: this is a specific, professionally produced piece from what appears to be an Aboriginal-owned or Aboriginal-art-licensing business ('Bindigenous'). Aboriginal dot painting is a culturally significant art form, and reproducing this specific style without genuine cultural connection or a proper licence would be both an IP concern (this may well be a trademarked/licensed pattern from that actual business) and an appropriation concern, separate from any technical question. Good to admire, not to copy — same category of 'no' as P55, just for a different reason."
P55,Inspiration Only,Full bin wrap / licensed IP,Trash can painted/wrapped as R2-D2 (Star Wars),"A large cylindrical bin, painted and/or wrapped to resemble R2-D2 from Star Wars — silver dome top with blue detailing, red and black lens/button details, white cylindrical body with blue panel graphics, photographed on a porch.",Not stated — full-canister coverage on a large cylindrical bin,No,Needs Cricut,NA,N/A — inspiration only,N/A — inspiration only,N/A,"N/A — inspiration only, not evaluated for sale","**Can we create it? No — this is a clear-cut copyright case, and a good one to keep as a reference for what NOT to attempt.** R2-D2 is a Disney/Lucasfilm-owned trademarked character. Your own Business Plan already explicitly rules this out under 'Original Character Design Sets': licensed characters aren't usable, and a reskinned/'inspired by' close visual copy is still infringement, not a workaround. Separately, this is also a full-canister treatment, not a small sticker — a second, independent reason it doesn't fit your production model even setting the IP issue aside."
P56,Inspiration Only,"Novelty character, no personalisation",Three indoor bins decorated with big cartoon monster/character faces,"Three indoor household bins (black, brown, navy) on a tiled floor, each decorated with large flat black-and-white cut-out eyes and a mouth to form a playful cartoon 'monster face' — one mischievous, one shocked, one smiling. No text, numbers, or street names.",Not stated — large eyes/mouth shapes sized to the bin front,No,Doable now,"WC, CV",N/A — inspiration only,N/A — inspiration only,N/A,"N/A — inspiration only, not evaluated for sale","**Can we create it?** Technically yes — these are simple, large, flat shapes (eyes, mouth), well within your print+guillotine capability, no fine detail issue at all. Two real mismatches with your business, though: (1) no personalisation whatsoever, which is the core of your product and pricing model — this is decorative only; (2) these look like indoor household bins (kitchen/office), not outdoor council wheelie bins, a different customer context and likely a different bin shape/size than your target market. Could work as a small novelty add-on accent (a tiny character face icon alongside a personalised number, similar to your existing icon-based designs) but not as a standalone product without adding personalisation."
P57,Inspiration Only,"Novelty character, no personalisation","Googly-eye + tongue bin face, video ad ('4 pack trash can stickers')","Video-ad screenshot ('4 pack trash can stickers', 'Shop now'), black bin in a snowy driveway with two round googly-eye style stickers above a small red tongue/mouth accent near the handle. A container ID plate ('95G 002100') is visible below — not part of the sticker.",Not stated,No,Doable now,"WC, CV",N/A — inspiration only,N/A — inspiration only,N/A,"N/A — inspiration only, not evaluated for sale","**Can we create it?** Same verdict as P56 — production-wise simple (two circles + a small accent shape), but no personalisation and likely aimed at indoor/US-style large bins rather than your target market. Worth noting as the same 'bin face' theme as P56 and P58 in this batch, executed even more minimally — three sightings of this concept now across the Inspiration set, suggesting the 'fun face' angle is a genuine recurring idea even though it doesn't fit your current personalised-address model."
P58,Inspiration Only,"Novelty character, no personalisation","Full-colour cartoon bin faces, 4 expressions across 4 bins","Four bins (blue-lid black, green, black, green) outdoors against greenery, each with a different full-colour cartoon face: angry (furrowed brows, red frown), happy (tongue out), crying (blue tears, red frown), and goofy (tongue out, gap-tooth grin).",Not stated,No,Doable now,"WC, CV",N/A — inspiration only,N/A — inspiration only,N/A,"N/A — inspiration only, not evaluated for sale","**Can we create it?** Yes, more readily than P56/P57 — this is full colour, which fits your printed-card production method perfectly (no fine-detail cutting concern at all, per the print-vs-cut principle). Same core mismatch as P56 though: no personalisation. Of the three 'bin face' pins in this set (P56, P57, this one), this is the most polished execution and the best reference if you ever explore a 'personality' sub-line — e.g. pairing an expression with a number, similar in spirit to your existing icon-based designs."
P59,Inspiration Only,Full bin wrap / licensed IP,Hand-painted Azrael (The Smurfs) grabbing at Papa Smurf,"A black bin in a wooded setting, hand-painted (not a vinyl sticker) with a large illustration of Azrael, the cat from The Smurfs, reaching down with a claw toward Papa Smurf below.",Not stated — full front-panel coverage,No,Needs Cricut,NA,N/A — inspiration only,N/A — inspiration only,N/A,"N/A — inspiration only, not evaluated for sale","**Can we create it? No — a second clear copyright case in this set (alongside P55's R2-D2).** Both Azrael and Papa Smurf are licensed characters (The Smurfs franchise) — the same 'no licensed characters' rule from your Business Plan applies directly. Also hand-painted rather than a printed/cut sticker, a different technique entirely, though that's a secondary point next to the IP issue. Good second reference point for the same lesson as P55."
P60,Inspiration Only,"Novelty character, no personalisation",DAQUN 8-pack commercial bin face decal set,"Product listing image: 4 individual cartoon face expressions (winking+smile, worried eyes+frown, big open-mouth grin, goofy tongue-out) shown separately, plus a green bin mockup with the tongue-out face applied. Branded 'DAQUN 8 Pack Bin Decals'.",Not stated — sold as an 8-pack,No,Doable now,"WC, CV",N/A — inspiration only,N/A — inspiration only,N/A,"N/A — inspiration only, not evaluated for sale","**Can we create it?** Same verdict as P56/P57/P58 — production-wise simple, but no personalisation. Worth noting this is a genuine actively-sold commercial product (not just a Pinterest mockup), which is real evidence the 'bin face, no address info' concept has commercial demand on its own — four independent sightings of this exact category now (P56, P57, P58, P60) is a strong enough pattern that it's worth a deliberate decision (build a non-personalised novelty line alongside your core product, or consciously leave it to competitors) rather than just noting it as inspiration each time."
P61,Inspiration Only,Licensed IP,LEGO Ninjago-style 'ninja eyes' sticker,Green bin with a yellow oval sticker showing narrow angry 'ninja mask' eyes — a recognisable LEGO Ninjago-style minifigure face — applied to the front panel.,Not stated,No,Doable now,NA,N/A — inspiration only,N/A — inspiration only,N/A,"N/A — inspiration only, not evaluated for sale","**Can we create it? No — a third copyright case in this set (alongside P55's R2-D2 and P59's Smurfs).** The yellow minifigure face with this specific eye/eyebrow style is distinctly recognisable as LEGO/Ninjago IP. Unlike P55/P59 this one is actually simple enough production-wise to be 'doable now' from a pure technique standpoint (flat, two-colour, no fine detail) — which makes it a good illustration that the blocker here is entirely legal, not technical."
P62,Inspiration Only,"Novelty character, no personalisation","Four colourful bins with cartoon faces, city street scene","Four bins (red, green, yellow, blue) each with a different full-colour cartoon face expression (winking, tongue-out smile, laughing, worried), a person standing among them for scale, composited city-street background.",Not stated,No,Doable now,"WC, CV",N/A — inspiration only,N/A — inspiration only,N/A,"N/A — inspiration only, not evaluated for sale","**Can we create it?** Same verdict as P58/P60 — genuinely producible (full colour, no fine-detail issue once printed), still no personalisation. Fifth sighting of the 'bin face' theme across this set (P56, P57, P58, P60, this one) — by far the most repeated single idea in the whole Inspiration Only set, worth treating as a real signal even though none of the individual pins fit your current product as-is."
